SCL_ID,SCL_NAME,SUBDIVISION,CONFERENCE,SCL_HBCU,SCL_PRIVATE,APR_2014,ELIG_RATE_2014,RET_RATE_2014,NUM_OF_ATHLETES_2014,APR_2013,ELIG_RATE_2013,RET_RATE_2013,NUM_OF_ATHLETES_2013,APR_2012,ELIG_RATE_2012,RET_RATE_2012,NUM_OF_ATHLETES_2012,PUB_AWARD_15,PUB_AWARD_14,PUB_AWARD_13
100654,Alabama A&M University,2,Southwestern Athletic Conf.,1,0,905,0.810810811,0.97972973,78,933,0.904458599,0.95483871,86,940,0.893333333,0.959731544,78,0,0,0
100724,Alabama State University,2,Southwestern Athletic Conf.,1,0,902,0.879699248,0.92481203,72,857,0.846715329,0.866666667,79,905,0.867768595,0.933884298,65,0,0,0
100751,University of Alabama,1,Southeastern Conference,2,0,1000,1,0.987341772,95,967,0.970238095,0.957317073,95,974,0.971098266,0.964705882,101,0,0,1
100858,Auburn University,1,Southeastern Conference,2,0,985,0.988023952,0.981707317,93,978,0.981595092,0.967948718,90,985,0.982248521,0.975609756,92,0,0,0
101480,Jacksonville State University,2,Ohio Valley Conference,2,0,965,0.96835443,0.942307692,87,945,0.922580645,0.940789474,86,941,0.930555556,0.923611111,79,0,0,0
102049,Samford University,2,Southern Conference,2,1,993,0.993150685,0.993103448,78,969,0.951724138,0.979310345,76,958,0.944827586,0.972222222,78,0,0,0
102094,University of South Alabama,1,Sun Belt Conference,2,0,960,0.956790124,0.956521739,91,936,0.929936306,0.935897436,84,931,0.925465839,0.9375,88,0,0,0
102368,Troy University,1,Sun Belt Conference,2,0,938,0.941176471,0.93452381,98,965,0.948717949,0.948387097,93,904,0.905063291,0.903846154,NA,0,0,0
104151,Arizona State University,1,Pac-12 Conference,2,0,964,0.960784314,0.947019868,88,952,0.968553459,0.935064935,90,935,0.906976744,0.940476191,96,0,0,0
104179,University of Arizona,1,Pac-12 Conference,2,0,943,0.928143713,0.951515152,95,984,0.974358974,0.954545455,85,980,0.973684211,0.945578231,87,0,0,0
105330,Northern Arizona University,2,Big Sky Conference,2,0,932,0.904109589,0.95890411,80,949,0.948529412,0.948529412,73,979,0.964788732,0.971631206,80,0,0,0
106397,"University of Arkansas, Fayetteville",1,Southeastern Conference,2,0,952,0.96178344,0.915584416,93,944,0.91503268,0.912162162,91,924,0.907407407,0.91503268,92,0,0,0
106412,"University of Arkansas, Pine Bluff",2,Southwestern Athletic Conf.,1,0,948,0.908163265,0.947368421,53,919,0.84,0.918367347,55,899,0.836538462,0.932692308,55,0,0,0
106458,Arkansas State University,1,Sun Belt Conference,2,0,987,0.980519481,0.973684211,88,964,0.960526316,0.940397351,88,902,0.893081761,0.903846154,87,0,0,0
106704,University of Central Arkansas,2,Southland Conference,2,0,953,0.955974843,0.943037975,85,916,0.913043478,0.9,86,967,0.967320261,0.96,85,0,0,0
110422,California Polytechnic State University,2,Big Sky Conference,2,0,957,0.932038835,0.936507937,84,955,0.947040498,0.943217666,85,940,0.905660377,0.96835443,86,0,0,0
110556,"California State University, Fresno",1,Mountain West Conference,2,0,953,0.926666667,0.966442953,80,947,0.927631579,0.953333333,85,956,0.9625,0.936708861,86,0,0,0
110617,"California State University, Sacramento",2,Big Sky Conference,2,0,930,0.923076923,0.923076923,80,957,0.971428571,0.905109489,79,926,0.927152318,0.905405405,85,0,0,0
110635,"University of California, Berkeley",1,Pac-12 Conference,2,0,946,0.96875,0.91503268,91,969,0.969512195,0.95625,98,925,0.896341463,0.936708861,93,0,0,0
110644,"University of California, Davis",2,Big Sky Conference,2,0,985,0.964285714,0.986928105,85,981,0.97492163,0.981072555,89,984,0.968847352,0.987654321,87,0,0,0
110662,"University of California, Los Angeles",1,Pac-12 Conference,2,0,958,0.949860724,0.948126801,100,986,0.985074627,0.981538462,93,982,0.96969697,0.950155763,91,0,0,0
122409,San Diego State University,1,Mountain West Conference,2,0,955,0.964497041,0.934131737,96,979,0.97005988,0.975757576,91,967,0.916167665,0.970238095,95,0,0,0
122436,University of San Diego,2,Pioneer Football League,2,1,965,0.953757225,0.976744186,92,970,0.962365591,0.978494624,94,962,0.965116279,0.959064328,93,0,0,0
122755,San Jose State University,1,Mountain West Conference,2,0,966,0.956521739,0.9625,92,978,0.987804878,0.956521739,91,973,0.958333333,0.951219512,92,0,0,0
123961,University of Southern California,1,Pac-12 Conference,2,1,963,0.941176471,0.954198473,81,958,0.937062937,0.971428571,83,944,0.928104575,0.934210526,88,0,0,0
126614,"University of Colorado, Boulder",1,Pac-12 Conference,2,0,966,0.9625,0.968553459,90,960,0.975757576,0.944444444,90,972,0.987804878,0.950617284,94,0,0,0
126818,Colorado State University,1,Mountain West Conference,2,0,961,0.952380952,0.963855422,91,940,0.922155689,0.957575758,93,916,0.888888889,0.937106918,90,0,0,0
127741,University of Northern Colorado,2,Big Sky Conference,2,0,943,0.942675159,0.942675159,91,955,0.935897436,0.962025317,87,943,0.926174497,0.95945946,83,0,0,0
128328,U.S. Air Force Academy,1,Mountain West Conference,2,0,985,0.981481482,0.987654321,82,997,1,0.993377483,77,968,0.974842767,0.962025317,81,1,0,0
128771,Central Connecticut State University,2,Northeast Conference,2,0,974,0.965517241,0.96460177,61,946,0.950413223,0.94214876,67,957,0.976744186,0.92248062,74,0,0,0
129020,University of Connecticut,1,American Athletic Conference,2,0,970,0.967105263,0.959731544,84,964,0.961038961,0.960784314,86,955,0.96178344,0.948717949,86,0,0,0
130253,Sacred Heart University,2,Northeast Conference,2,1,968,0.976377953,0.96031746,72,951,0.951612903,0.942622951,72,969,0.977099237,0.954198473,68,0,0,0
130794,Yale University,2,The Ivy League,2,1,989,0.994565217,0.983695652,96,987,0.989361702,0.983695652,97,993,0.995327103,0.990610329,111,1,1,1
130934,Delaware State University,2,Mid-Eastern Athletic Conf.,1,0,969,0.973214286,0.964285714,60,952,0.939655172,0.965217391,62,943,0.959183674,0.927083333,54,0,0,0
130943,University of Delaware,2,Colonial Athletic Association,2,0,947,0.954545455,0.938931298,72,956,0.941176471,0.970588235,73,969,0.976923077,0.96124031,71,0,0,0
131496,Georgetown University,2,Patriot League,2,1,993,0.985714286,0.985714286,36,987,1,0.973684211,39,987,0.987012987,0.987012987,39,1,0,0
131520,Howard University,2,Mid-Eastern Athletic Conf.,1,1,909,0.844594595,0.966666667,80,948,0.903448276,0.979166667,75,947,0.926229508,0.958677686,65,0,0,0
132602,Bethune-Cookman University,2,Mid-Eastern Athletic Conf.,1,1,959,0.94520548,0.937931035,80,890,0.863013699,0.876712329,77,936,0.910828026,0.942675159,80,0,0,0
132903,University of Central Florida,1,American Athletic Conference,2,0,973,0.973333333,0.972972973,79,987,0.98089172,0.974025974,87,980,0.980645161,0.973333333,87,0,0,0
133650,Florida A&M University,2,Mid-Eastern Athletic Conf.,1,0,880,0.814569536,0.932432432,88,911,0.848,0.951219512,67,849,0.772058824,0.918518519,70,0,0,0
133669,Florida Atlantic University,1,Conference USA,2,0,930,0.924855491,0.935294118,96,940,0.928143713,0.951807229,94,942,0.92948718,0.935483871,89,0,0,0
133951,Florida International University,1,Conference USA,2,0,935,0.895424837,0.960784314,87,926,0.876470588,0.975903615,93,954,0.91954023,0.970760234,97,0,0,0
134097,Florida State University,1,Atlantic Coast Conference,2,0,946,0.933774834,0.95862069,88,959,0.950310559,0.96835443,94,944,0.911242604,0.964497041,91,0,0,0
134130,University of Florida,1,Southeastern Conference,2,0,978,0.9875,0.967741936,94,990,1,0.971830986,90,972,0.986394558,0.958041958,85,0,0,0
134945,Jacksonville University,2,Pioneer Football League,2,1,976,0.983739837,0.967479675,64,971,0.964285714,0.971223022,75,971,0.95620438,0.96350365,73,0,0,0
135726,University of Miami (Florida),1,Atlantic Coast Conference,2,1,957,0.969512195,0.938271605,96,962,0.976470588,0.923529412,93,968,0.9625,0.960784314,96,0,0,0
137351,University of South Florida,1,American Athletic Conference,2,0,954,0.960784314,0.934640523,87,983,0.973509934,0.980263158,87,960,0.962962963,0.944099379,94,0,0,0
137546,Stetson University,2,Pioneer Football League,2,1,931,0.963350785,0.897297297,102,NA,NA,NA,NA,NA,NA,NA,NA,0,0,0
139755,Georgia Institute of Technology,1,Atlantic Coast Conference,2,0,961,0.974193548,0.947368421,88,988,0.987951807,0.981595092,87,1000,0.993902439,0.993865031,87,0,1,1
139931,Georgia Southern University,2,Sun Belt Conference,2,0,883,0.857954546,0.908045977,96,974,0.973684211,0.967105263,88,971,0.967741936,0.967741936,84,0,0,0
139940,Georgia State University,1,Sun Belt Conference,2,0,941,0.923976608,0.958579882,97,931,0.919254658,0.935897436,87,950,0.961538462,0.9375,70,0,0,0
139959,University of Georgia,1,Southeastern Conference,2,0,978,0.97515528,0.967948718,88,960,0.960526316,0.944827586,92,959,0.95,0.928571429,92,0,0,0
140447,Mercer University,2,Southern Conference,2,1,1000,1,1,12,NA,NA,NA,NA,NA,NA,NA,NA,0,0,0
140960,Savannah State University,2,Mid-Eastern Athletic Conf.,1,0,867,0.7890625,0.88976378,73,869,0.826771654,0.888,65,800,0.733333333,0.853333333,83,0,0,0
141574,"University of Hawaii, Manoa",1,Mountain West Conference,2,0,963,0.950310559,0.96875,90,971,0.968944099,0.967320261,93,984,0.975,0.98125,93,0,0,0
142115,Boise State University,1,Mountain West Conference,2,0,973,0.986754967,0.953333333,86,980,0.993421053,0.959731544,91,985,0.981595092,0.98125,94,1,1,1
142276,Idaho State University,2,Big Sky Conference,2,0,960,0.949275362,0.96350365,78,979,0.979020979,0.95035461,82,1000,0.984251969,0.968,70,0,0,0
142285,University of Idaho,1,Sun Belt Conference,2,0,948,0.938356164,0.9375,86,838,0.819354839,0.857142857,91,881,0.836477987,0.918238994,87,0,0,0
144892,Eastern Illinois University,2,Ohio Valley Conference,2,0,952,0.948529412,0.947368421,73,934,0.917241379,0.950704225,77,946,0.923566879,0.961290323,82,0,0,0
145637,"University of Illinois, Champaign",1,Big Ten Conference,2,0,1000,1,0.99408284,96,963,0.957575758,0.969135803,98,972,0.981481482,0.962264151,87,0,0,0
145813,Illinois State University,2,Missouri Valley Football Conference,2,0,980,0.980392157,0.973509934,84,962,0.937931035,0.958333333,81,961,0.960784314,0.947368421,84,0,0,0
147703,Northern Illinois University,1,Mid-American Conference,2,0,991,0.988023952,0.98757764,95,976,0.976190476,0.957831325,92,936,0.933333333,0.932926829,91,0,0,0
147767,Northwestern University,1,Big Ten Conference,2,1,994,1,0.98820059,88,981,0.985507246,0.976811594,91,997,1,0.993902439,93,1,1,1
149222,Southern Illinois University at Carbondale,2,Missouri Valley Football Conference,2,0,968,0.954545455,0.967532468,85,911,0.901840491,0.920245399,90,955,0.958333333,0.945783133,96,0,0,0
149772,Western Illinois University,2,Missouri Valley Football Conference,2,0,958,0.955128205,0.947712418,85,940,0.926666667,0.939597315,82,944,0.922535211,0.936619718,80,0,0,0
150136,Ball State University,1,Mid-American Conference,2,0,958,0.969879518,0.945121951,90,962,0.947674419,0.970930233,90,968,0.965317919,0.970760234,91,0,0,0
150163,Butler University,2,Pioneer Football League,2,1,981,0.989071038,0.972222222,NA,995,0.994680851,0.994475138,95,965,0.95959596,0.969543147,107,0,0,0
151324,Indiana State University,2,Missouri Valley Football Conference,2,0,945,0.957831325,0.932515337,88,955,0.951807229,0.945121951,92,940,0.922155689,0.946107784,90,0,0,0
151351,"Indiana University, Bloomington",1,Big Ten Conference,2,0,979,0.982352941,0.975757576,92,991,0.993975904,0.981818182,88,975,0.975308642,0.950310559,91,0,0,0
152080,University of Notre Dame,1,Independent,2,1,980,0.980519481,0.98013245,87,977,0.974358974,0.980392157,86,979,0.963414634,0.987804878,89,0,0,0
152600,Valparaiso University,2,Pioneer Football League,2,1,964,0.975728155,0.946601942,105,952,0.960451977,0.937142857,93,930,0.960674157,0.893258427,97,0,0,0
153269,Drake University,2,Pioneer Football League,2,1,995,0.98989899,1,106,973,0.975609756,0.970149254,107,960,0.96039604,0.959798995,109,0,0,0
153603,Iowa State University,1,Big 12 Conference,2,0,961,0.951807229,0.969512195,93,969,0.962962963,0.968553459,92,934,0.922155689,0.945454546,89,0,0,0
153658,University of Iowa,1,Big Ten Conference,2,0,972,0.963855422,0.97515528,89,979,0.975609756,0.962962963,90,965,0.96875,0.955414013,92,0,0,0
154095,University of Northern Iowa,2,Missouri Valley Football Conference,2,0,962,0.972413793,0.952054795,81,973,0.972972973,0.945578231,82,954,0.953947368,0.953642384,79,0,0,0
155317,University of Kansas,1,Big 12 Conference,2,0,908,0.917721519,0.886075949,88,957,0.963414634,0.944444444,93,931,0.9625,0.893081761,90,0,0,0
155399,Kansas State University,1,Big 12 Conference,2,0,970,0.986928105,0.953333333,88,982,0.971830986,0.964028777,85,969,0.965034965,0.951048951,88,0,0,0
156620,Eastern Kentucky University,2,Ohio Valley Conference,2,0,948,0.932926829,0.957055215,90,957,0.93902439,0.963190184,91,917,0.914473684,0.905405405,92,0,0,0
157085,University of Kentucky,1,Southeastern Conference,2,0,980,0.974025974,0.979865772,86,932,0.931677019,0.913043478,89,929,0.91025641,0.935064935,85,0,0,0
157289,University of Louisville,1,Atlantic Coast Conference,2,0,984,0.98136646,0.974842767,91,1000,0.993589744,0.987261147,86,971,0.967948718,0.942307692,90,0,0,0
157386,Morehead State University,2,Pioneer Football League,2,0,974,0.967532468,0.98013245,88,928,0.942408377,0.902702703,105,939,0.915151515,0.957575758,91,0,0,0
157401,Murray State University,2,Ohio Valley Conference,2,0,970,0.96969697,0.946969697,76,985,0.977099237,0.976923077,77,921,0.9,0.917355372,69,0,0,0
157951,Western Kentucky University,1,Conference USA,2,0,924,0.924528302,0.917721519,93,952,0.968152866,0.92948718,86,970,0.96969697,0.950920245,86,0,0,0
159009,Grambling State University,2,Southwestern Athletic Conf.,1,0,946,0.958677686,0.925619835,63,947,0.917241379,0.942446043,77,888,0.833333333,0.936,65,0,0,0
159391,Louisiana State University,1,Southeastern Conference,2,0,955,0.96,0.935251799,88,973,0.967532468,0.971631206,96,910,0.896551724,0.911764706,NA,0,0,0
159647,Louisiana Tech University,1,Conference USA,2,0,946,0.926421405,0.959866221,86,915,0.899053628,0.93081761,91,961,0.959752322,0.955555556,91,0,0,0
159717,McNeese State University,2,Southland Conference,2,0,969,0.95890411,0.979310345,82,966,0.950310559,0.975,89,961,0.954248366,0.967105263,80,0,0,0
159966,Nicholls State University,2,Southland Conference,2,0,939,0.92948718,0.948387097,84,940,0.946308725,0.932885906,85,963,0.972972973,0.952702703,83,0,0,0
159993,University of Louisiana at Monroe,1,Sun Belt Conference,2,0,958,0.968152866,0.941935484,86,962,0.974842767,0.937106918,88,981,0.974193548,0.967532468,86,0,0,0
160038,Northwestern State University,2,Southland Conference,2,0,941,0.931677019,0.950310559,92,944,0.941176471,0.947019868,83,948,0.929032258,0.961038961,86,0,0,0
160612,Southeastern Louisiana University,2,Southland Conference,2,0,923,0.942675159,0.903846154,92,923,0.933333333,0.906040269,90,943,0.946308725,0.932432432,87,0,0,0
160658,University of Louisiana at Lafayette,1,Sun Belt Conference,2,0,954,0.957575758,0.95,92,938,0.941176471,0.929411765,97,960,0.960451977,0.949152542,NA,0,0,0
160755,Tulane University,1,American Athletic Conference,2,1,988,0.988023952,0.981927711,89,970,0.976047904,0.957575758,91,950,0.953488372,0.947058824,91,0,0,0
161253,"University of Maine, Orono",2,Colonial Athletic Association,2,0,945,0.950920245,0.93902439,87,952,0.945578231,0.945578231,81,972,0.95890411,0.986111111,77,0,0,0
163286,"University of Maryland, College Park",1,Big Ten Conference,2,0,991,0.987421384,0.98125,88,977,0.980392157,0.973856209,88,948,0.965517241,0.93006993,83,0,0,0
163453,Morgan State University,2,Mid-Eastern Athletic Conf.,1,0,902,0.805194805,0.954248366,79,920,0.908333333,0.923076923,66,914,0.887096774,0.924369748,69,0,0,0
164076,Towson University,2,Colonial Athletic Association,2,0,981,0.962406015,0.96969697,74,934,0.923076923,0.94488189,71,953,0.934782609,0.955882353,76,0,0,0
164155,U.S. Naval Academy,1,Independent,2,0,984,0.989583333,0.979094077,145,985,0.987951807,0.981927711,84,961,0.963133641,0.958525346,112,0,0,0
164924,Boston College,1,Atlantic Coast Conference,2,1,981,0.987421384,0.974683544,92,966,0.963190184,0.969135803,89,994,0.993670886,0.993589744,86,1,1,1
166027,Harvard University,2,The Ivy League,2,1,982,0.990950226,0.972727273,114,970,0.984848485,0.955,106,983,1,0.965686275,107,0,0,1
166124,College of the Holy Cross,2,Patriot League,2,1,996,1,0.992063492,68,990,0.986928105,0.993421053,79,982,0.985507246,0.97761194,73,1,1,0
166629,"University of Massachusetts, Amherst",1,Mid-American Conference,2,0,952,0.935483871,0.941935484,87,928,0.916129032,0.927631579,89,922,0.909677419,0.928104575,87,0,0,0
169248,Central Michigan University,1,Mid-American Conference,2,0,985,0.981818182,0.981818182,88,957,0.948275862,0.965116279,94,948,0.947976879,0.936046512,91,0,0,0
169798,Eastern Michigan University,1,Mid-American Conference,2,0,932,0.93902439,0.919254658,85,936,0.926380368,0.938650307,89,964,0.928571429,0.967532468,82,0,0,0
170976,University of Michigan,1,Big Ten Conference,2,0,1000,1,0.99408284,95,985,0.987730061,0.975460123,92,981,0.981012658,0.961538462,87,1,0,0
171100,Michigan State University,1,Big Ten Conference,2,0,979,0.975903615,0.975460123,93,979,0.970588235,0.970238095,93,976,0.958083832,0.957317073,93,0,0,0
172699,Western Michigan University,1,Mid-American Conference,2,0,951,0.940476191,0.949044586,90,958,0.946428571,0.957831325,91,966,0.952095808,0.97515528,93,0,0,0
174066,"University of Minnesota, Twin Cities",1,Big Ten Conference,2,0,994,1,0.988165681,93,994,1,0.981707317,95,991,0.993975904,0.969325153,95,0,0,0
175342,Alcorn State University,2,Southwestern Athletic Conf.,1,0,983,0.972789116,0.972789116,77,907,0.903703704,0.910447761,75,902,0.920353982,0.882882883,61,0,0,0
175856,Jackson State University,2,Southwestern Athletic Conf.,1,0,964,0.971223022,0.949275362,76,964,0.949640288,0.95620438,74,971,0.95,0.940677966,61,0,0,0
176017,University of Mississippi,1,Southeastern Conference,2,0,969,0.975609756,0.962962963,91,963,0.951219512,0.951219512,91,936,0.92,0.938356164,86,0,0,0
176044,Mississippi Valley State University,2,Southwestern Athletic Conf.,1,0,956,0.883495146,0.950980392,54,905,0.870689655,0.92173913,62,885,0.826086957,0.901785714,60,0,0,0
176080,Mississippi State University,1,Southeastern Conference,2,0,970,0.946107784,0.969879518,88,970,0.970588235,0.970238095,91,973,0.981927711,0.963414634,92,0,0,0
176372,The University of Southern Mississippi,1,Conference USA,2,0,961,0.987951807,0.933333333,96,944,0.9375,0.950310559,86,958,0.949044586,0.95483871,87,0,0,0
178396,"University of Missouri, Columbia",1,Southeastern Conference,2,0,961,0.973856209,0.940397351,86,975,0.98136646,0.962732919,88,987,0.993710692,0.981012658,88,0,1,1
179557,Southeast Missouri State University,2,Ohio Valley Conference,2,0,944,0.941860465,0.935294118,95,927,0.914473684,0.926666667,84,944,0.947368421,0.927152318,81,0,0,0
179566,Missouri State University,2,Missouri Valley Football Conference,2,0,940,0.907284768,0.947019868,79,943,0.935714286,0.95,74,937,0.931034483,0.922535211,81,0,0,0
180461,Montana State University-Bozeman,2,Big Sky Conference,2,0,974,0.967532468,0.960526316,80,974,0.961038961,0.98,82,950,0.947019868,0.953947368,82,0,0,0
180489,University of Montana,2,Big Sky Conference,2,0,972,0.944099379,0.955414013,85,955,0.951515152,0.933333333,89,883,0.864516129,0.88961039,84,0,0,0
181464,"University of Nebraska, Lincoln",1,Big Ten Conference,2,0,991,0.99378882,0.974842767,93,966,0.957317073,0.956790124,93,991,0.988023952,0.98757764,94,1,1,0
182281,"University of Nevada, Las Vegas",1,Mountain West Conference,2,0,953,0.895953757,0.970760234,91,924,0.898734177,0.936305733,89,914,0.895061728,0.926829268,91,0,0,0
182290,"University of Nevada, Reno",1,Mountain West Conference,2,0,958,0.965753425,0.93006993,84,928,0.931972789,0.910344828,86,921,0.905063291,0.910828026,95,0,0,0
182670,Dartmouth College,2,The Ivy League,2,1,998,1,0.995249406,107,1000,1,1,NA,1000,1,1,107,1,1,1
183044,University of New Hampshire,2,Colonial Athletic Association,2,0,1000,1,1,78,982,0.977941177,0.97810219,74,977,0.970149254,0.984732824,73,0,0,0
185572,Monmouth University,2,Big South Conference,2,1,977,0.973684211,0.98,83,961,0.965517241,0.956521739,62,932,0.918181818,0.945454546,58,0,0,0
186131,Princeton University,2,The Ivy League,2,1,993,0.99537037,0.990740741,110,967,0.979899498,0.955,104,979,0.994680851,0.963157895,98,0,1,1
186380,"Rutgers, The State University of New Jersey, New Brunswick",1,Big Ten Conference,2,0,974,0.98125,0.960526316,93,991,0.994047619,0.981012658,94,976,0.988023952,0.963190184,93,1,1,1
187985,University of New Mexico,1,Mountain West Conference,2,0,950,0.950617284,0.931677019,87,983,0.959183674,0.986394558,80,940,0.947368421,0.913333333,84,0,0,0
188030,New Mexico State University,1,Sun Belt Conference,2,0,960,0.897810219,0.97080292,79,916,0.891719745,0.922077922,86,910,0.866666667,0.939597315,86,0,0,0
190099,Colgate University,2,Patriot League,2,1,980,0.983606557,0.975409836,62,953,0.966442953,0.939189189,78,973,0.965753425,0.97260274,75,0,0,0
190150,Columbia University-Barnard College,2,The Ivy League,2,1,985,1,0.97005988,87,976,0.989417989,0.962566845,98,992,0.989189189,0.994565217,94,1,1,1
190415,Cornell University,2,The Ivy League,2,1,995,0.994565217,0.994535519,93,979,0.989361702,0.968085106,98,991,0.994219653,0.98255814,89,1,1,1
191241,Fordham University,2,Patriot League,2,1,992,0.991666667,0.991525424,62,946,0.961832061,0.930232558,70,975,0.958041958,0.985915493,74,0,0,0
192819,Marist College,2,Pioneer Football League,2,1,967,0.954773869,0.979899498,102,955,0.948598131,0.95754717,112,980,0.986547085,0.972727273,113,0,0,0
196060,University at Albany,2,Colonial Athletic Association,2,0,951,0.948387097,0.953947368,83,967,0.967105263,0.966887417,83,986,0.992805755,0.97810219,75,0,0,0
196088,"University at Buffalo, the State University of New York",1,Mid-American Conference,2,0,979,0.975609756,0.975308642,89,981,0.975308642,0.98125,86,931,0.90625,0.943396226,90,0,0,0
196097,Stony Brook University,2,Colonial Athletic Association,2,0,947,0.959016393,0.926229508,72,968,0.964539007,0.95,80,966,0.96969697,0.954887218,73,0,0,0
196413,Syracuse University,1,Atlantic Coast Conference,2,1,970,0.982035928,0.958083832,90,966,0.957055215,0.96875,87,984,0.967532468,0.980392157,84,0,0,0
197036,U.S. Military Academy,1,Independent,2,0,992,0.994318182,0.988700565,91,989,0.985915493,0.992957747,71,983,0.97740113,0.988764045,90,1,0,0
197197,Wagner College,2,Northeast Conference,2,1,950,0.946153846,0.953488372,72,955,0.952054795,0.95862069,81,939,0.939189189,0.939189189,83,0,0,0
197869,Appalachian State University,2,Sun Belt Conference,2,0,967,0.985611511,0.941605839,78,965,0.954198473,0.968992248,70,916,0.905109489,0.919708029,78,0,0,0
198136,Campbell University,2,Pioneer Football League,2,1,967,0.955882353,0.977941177,69,967,0.991935484,0.942622951,66,982,0.985714286,0.978571429,78,0,0,0
198385,Davidson College,2,Pioneer Football League,2,1,975,0.981707317,0.969135803,84,995,0.989473684,1,95,992,0.994736842,0.989417989,96,1,1,1
198419,Duke University,1,Atlantic Coast Conference,2,1,991,1,0.981707317,87,988,0.994011976,0.976047904,90,1000,1,1,87,1,1,1
198464,East Carolina University,1,American Athletic Conference,2,0,977,0.974025974,0.974025974,87,931,0.9375,0.91875,88,930,0.890243902,0.963414634,90,0,0,0
198516,Elon University,2,Colonial Athletic Association,2,1,992,0.9921875,0.984496124,71,996,1,0.992248062,69,959,0.985185185,0.933823529,74,1,0,0
198561,Gardner-Webb University,2,Big South Conference,2,1,953,0.9765625,0.92,69,937,0.95620438,0.917910448,79,924,0.899280576,0.949275362,78,0,0,0
199102,North Carolina A&T State University,2,Mid-Eastern Athletic Conf.,1,0,958,0.933333333,0.958333333,68,953,0.943396226,0.952830189,56,944,0.825396825,0.968253968,32,0,0,0
199120,"University of North Carolina, Chapel Hill",1,Atlantic Coast Conference,2,0,948,0.932515337,0.950617284,94,971,0.961538462,0.980392157,88,933,0.929936306,0.930379747,91,0,0,0
199139,"University of North Carolina, Charlotte",2,Independent,2,0,943,0.947826087,0.939130435,64,NA,NA,NA,NA,NA,NA,NA,NA,0,0,0
199157,North Carolina Central University,2,Mid-Eastern Athletic Conf.,1,0,944,0.939849624,0.932835821,75,918,0.897959184,0.930555556,78,902,0.883116883,0.91503268,82,0,0,0
199193,North Carolina State University,1,Atlantic Coast Conference,2,0,961,0.974358974,0.940789474,94,948,0.941176471,0.934210526,94,990,0.974193548,0.980263158,87,0,0,0
199847,Wake Forest University,1,Atlantic Coast Conference,2,1,950,0.9625,0.936305733,89,973,0.966442953,0.98013245,84,957,0.960526316,0.953642384,86,0,0,0
200004,Western Carolina University,2,Southern Conference,2,0,944,0.952,0.936,70,953,0.929133858,0.976377953,68,967,0.992647059,0.940298508,73,0,0,0
200280,University of North Dakota,2,Big Sky Conference,2,0,904,0.925675676,0.867132867,82,956,0.949367089,0.949044586,85,956,0.937106918,0.955414013,84,0,0,0
200332,North Dakota State University,2,Missouri Valley Football Conference,2,0,961,0.946428571,0.969512195,91,946,0.93452381,0.922155689,87,925,0.904191617,0.945783133,88,0,0,0
200800,University of Akron,1,Mid-American Conference,2,0,962,0.947058824,0.976470588,96,945,0.926829268,0.950310559,89,936,0.929936306,0.941935484,90,0,0,0
201441,Bowling Green State University,1,Mid-American Conference,2,0,945,0.927272727,0.957055215,87,973,0.976047904,0.957317073,86,954,0.959770115,0.942196532,93,0,0,0
201885,University of Cincinnati,1,American Athletic Conference,2,0,978,0.975308642,0.969135803,93,967,0.958083832,0.963190184,93,957,0.945945946,0.950155763,94,0,0,0
202480,University of Dayton,2,Pioneer Football League,2,1,988,0.995145631,0.980487805,109,997,1,0.994871795,108,998,1,0.995,109,1,1,1
203517,Kent State University,1,Mid-American Conference,2,0,968,0.943396226,0.974522293,85,981,0.950617284,0.968944099,88,925,0.888888889,0.95,86,0,0,0
204024,Miami University (Ohio),1,Mid-American Conference,2,0,988,0.975757576,0.987878788,86,968,0.965517241,0.971098266,89,945,0.945454546,0.939393939,90,0,0,0
204796,The Ohio State University,1,Big Ten Conference,2,0,976,0.982142857,0.957575758,92,952,0.94375,0.948387097,88,970,0.972222222,0.967741936,91,0,0,1
204857,Ohio University,1,Mid-American Conference,2,0,976,0.975609756,0.975609756,93,946,0.945783133,0.945454546,92,946,0.938028169,0.954929578,100,0,0,0
206084,University of Toledo,1,Mid-American Conference,2,0,960,0.95505618,0.948275862,95,988,0.98245614,0.988165681,91,957,0.957317073,0.95,90,0,0,0
206695,Youngstown State University,2,Missouri Valley Football Conference,2,0,949,0.94375,0.948717949,89,967,0.954248366,0.953947368,84,931,0.894736842,0.947019868,82,0,0,0
207388,Oklahoma State University,1,Big 12 Conference,2,0,932,0.923529412,0.916666667,98,937,0.922619048,0.927272727,92,953,0.953216374,0.934911243,94,0,0,0
207500,University of Oklahoma,1,Big 12 Conference,2,0,959,0.959731544,0.951388889,84,967,0.961538462,0.953020134,90,940,0.956790124,0.91025641,92,0,0,0
207971,The University of Tulsa,1,American Athletic Conference,2,1,939,0.927272727,0.944785276,90,957,0.931677019,0.956790124,90,936,0.924855491,0.942196532,95,0,0,0
209542,Oregon State University,1,Pac-12 Conference,2,0,949,0.946107784,0.951367781,91,930,0.927927928,0.920489297,93,961,0.968208093,0.952941177,96,0,0,0
209551,University of Oregon,1,Pac-12 Conference,2,0,969,0.985250738,0.946268657,93,974,0.98489426,0.963076923,91,969,0.963414634,0.968553459,89,0,0,0
209807,Portland State University,2,Big Sky Conference,2,0,949,0.963934426,0.933993399,86,931,0.965635739,0.896907217,80,951,0.961538462,0.940789474,85,0,0,0
211291,Bucknell University,2,Patriot League,2,1,962,0.956521739,0.967391304,47,983,0.988505747,0.976744186,45,969,0.959183674,0.979591837,49,0,0,0
212106,Duquesne University,2,Northeast Conference,2,1,953,0.94890511,0.95620438,72,946,0.942857143,0.95,76,976,0.984,0.968,66,0,0,0
213385,Lafayette College,2,Patriot League,2,1,996,1,0.991869919,65,962,0.977272727,0.945736434,69,985,0.984848485,0.984496124,71,0,0,1
213543,Lehigh University,2,Patriot League,2,1,955,0.935064935,0.974193548,80,984,0.974193548,0.986928105,78,969,0.962264151,0.968553459,83,0,0,0
214777,Pennsylvania State University,1,Big Ten Conference,2,0,968,0.971830986,0.964285714,81,947,0.924528302,0.955974843,90,939,0.943396226,0.922580645,87,0,0,0
215062,University of Pennsylvania,2,The Ivy League,2,1,987,0.989690722,0.984455959,103,995,0.989417989,0.989130435,95,987,0.989304813,0.978494624,95,1,1,1
215293,University of Pittsburgh,1,Atlantic Coast Conference,2,0,968,0.96835443,0.955414013,86,969,0.98125,0.917721519,92,966,0.956521739,0.943396226,86,0,0,0
215655,Robert Morris University,2,Northeast Conference,2,1,928,0.92,0.935483871,68,958,0.954887218,0.953846154,70,945,0.966386555,0.923728814,66,0,0,0
215743,Saint Francis University (Pennsylvania),2,Northeast Conference,2,1,957,0.913043478,0.97826087,79,908,0.892561984,0.915966387,67,916,0.920792079,0.910891089,53,0,0,0
216339,Temple University,1,American Athletic Conference,2,0,979,0.969879518,0.975308642,96,949,0.938202247,0.960227273,97,979,0.975903615,0.969325153,91,0,0,0
216597,Villanova University,2,Colonial Athletic Association,2,1,983,0.983333333,0.983333333,64,984,0.984,0.984,64,972,0.959349594,0.983739837,63,0,0,0
217156,Brown University,2,The Ivy League,2,1,979,0.966666667,0.990476191,107,980,0.984693878,0.964285714,102,990,0.98989899,0.984848485,104,1,1,1
217165,Bryant University,2,Northeast Conference,2,1,967,0.967532468,0.960784314,81,990,0.993006993,0.986013986,75,984,0.980392157,0.986842105,82,0,1,0
217484,University of Rhode Island,2,Colonial Athletic Association,2,0,941,0.940740741,0.940740741,73,977,0.972727273,0.963302752,63,930,0.925619835,0.925619835,66,0,0,0
217688,Charleston Southern University,2,Big South Conference,2,1,937,0.916083916,0.950704225,77,950,0.937984496,0.92248062,71,914,0.913793103,0.896551724,66,0,0,0
217864,The Citadel,2,Southern Conference,2,0,954,0.961538462,0.946153846,71,969,0.984732824,0.954198473,70,967,0.983333333,0.949579832,65,0,0,0
217882,Clemson University,1,Atlantic Coast Conference,2,0,994,1,0.975460123,93,978,0.98136646,0.9625,90,973,0.982142857,0.963636364,96,1,1,1
218070,Furman University,2,Southern Conference,2,1,977,0.977099237,0.977099237,72,967,0.963235294,0.970588235,75,981,0.984615385,0.976744186,70,0,0,0
218539,Presbyterian College,2,Big South Conference,2,1,962,0.972027972,0.951048951,75,931,0.943548387,0.919354839,69,929,0.907563025,0.941176471,65,0,0,0
218663,"University of South Carolina, Columbia",1,Southeastern Conference,2,0,955,0.968152866,0.940789474,86,994,0.987261147,0.993464052,89,960,0.975609756,0.94375,91,0,1,0
218724,Coastal Carolina University,2,Big South Conference,2,0,983,0.986486487,0.965753425,83,967,0.953947368,0.966442953,88,946,0.923566879,0.96178344,87,0,0,0
218733,South Carolina State University,2,Mid-Eastern Athletic Conf.,1,0,942,0.942028986,0.941605839,76,976,0.958333333,0.965034965,79,950,0.929078014,0.943262411,77,0,0,0
218973,Wofford College,2,Southern Conference,2,1,987,1,0.974193548,82,990,0.993197279,0.986394558,81,994,1,0.987951807,87,1,1,1
219356,South Dakota State University,2,Missouri Valley Football Conference,2,0,937,0.924528302,0.942675159,83,980,0.973856209,0.973684211,79,956,0.94375,0.968553459,85,0,0,0
219471,University of South Dakota,2,Missouri Valley Football Conference,2,0,953,0.966887417,0.932885906,81,942,0.92948718,0.941558442,81,934,0.927710843,0.933333333,88,0,0,0
219602,Austin Peay State University,2,Ohio Valley Conference,2,0,937,0.93081761,0.929936306,89,957,0.953947368,0.947019868,77,965,0.951048951,0.972027972,74,0,0,0
220862,University of Memphis,1,American Athletic Conference,2,0,950,0.968944099,0.925925926,90,965,0.965753425,0.965034965,84,974,0.970588235,0.96969697,79,0,0,0
220978,Middle Tennessee State University,1,Conference USA,2,0,992,0.988764045,0.983146067,98,979,0.994047619,0.951807229,87,947,0.976331361,0.917159763,90,0,0,0
221740,University of Tennessee at Chattanooga,2,Southern Conference,2,0,962,0.977443609,0.946969697,72,975,0.971830986,0.964539007,74,962,0.977099237,0.946564886,69,0,0,0
221759,"University of Tennessee, Knoxville",1,Southeastern Conference,2,0,972,0.993865031,0.949044586,NA,962,0.949685535,0.967532468,95,912,0.865384615,0.934210526,91,0,0,0
221768,University of Tennessee at Martin,2,Ohio Valley Conference,2,0,978,1,0.955696203,89,946,0.949685535,0.941935484,90,933,0.945121951,0.914110429,95,0,0,0
221838,Tennessee State University,2,Ohio Valley Conference,1,0,909,0.890625,0.904,71,902,0.918699187,0.876033058,70,922,0.930769231,0.890625,73,0,0,0
221847,Tennessee Technological University,2,Ohio Valley Conference,2,0,974,0.968152866,0.974358974,87,972,0.9625,0.974842767,90,987,0.98089172,0.974358974,84,0,0,0
221999,Vanderbilt University,1,Southeastern Conference,2,1,987,0.973856209,0.973856209,84,984,1,0.962025317,88,988,0.987878788,0.97515528,89,1,0,0
223232,Baylor University,1,Big 12 Conference,2,1,982,0.994117647,0.970414201,96,964,0.963855422,0.957831325,91,942,0.944785276,0.938271605,87,0,0,0
225511,University of Houston,1,American Athletic Conference,2,0,937,0.925,0.937106918,87,922,0.925287356,0.91954023,97,973,0.958083832,0.963190184,90,0,0,0
226091,Lamar University,2,Southland Conference,2,0,962,0.965034965,0.958041958,82,926,0.9296875,0.9140625,74,912,0.897058824,0.926470588,72,0,0,0
227216,University of North Texas,1,Conference USA,2,0,987,0.9875,0.987179487,90,987,1,0.967320261,88,969,0.965517241,0.95862069,83,0,0,0
227526,Prairie View A&M University,2,Southwestern Athletic Conf.,1,0,956,0.949275362,0.941605839,72,926,0.879194631,0.945945946,82,919,0.870967742,0.943548387,68,0,0,0
227757,Rice University,1,Conference USA,2,1,959,0.958823529,0.958333333,NA,985,0.970238095,0.981927711,88,961,0.957575758,0.945454546,93,0,0,1
227881,Sam Houston State University,2,Southland Conference,2,0,917,0.885350319,0.942307692,93,944,0.919254658,0.962025317,93,939,0.931972789,0.938356164,79,0,0,0
228246,Southern Methodist University,1,American Athletic Conference,2,1,926,0.941176471,0.905325444,94,951,0.948275862,0.953757225,97,952,0.941176471,0.957575758,95,0,0,0
228431,Stephen F. Austin State University,2,Southland Conference,2,0,969,0.993288591,0.931034483,86,957,0.973684211,0.939189189,87,897,0.888157895,0.89261745,86,0,0,0
228459,Texas State University,1,Sun Belt Conference,2,0,964,0.958333333,0.946428571,92,957,0.948275862,0.954022989,94,975,0.950920245,0.99378882,89,0,0,0
228723,"Texas A&M University, College Station",1,Southeastern Conference,2,0,952,0.958333333,0.932926829,97,964,0.953216374,0.969325153,96,994,0.981818182,0.987341772,92,0,0,0
228778,University of Texas at Austin,1,Big 12 Conference,2,0,967,0.958083832,0.950920245,91,1000,0.987951807,1,93,947,0.931677019,0.944444444,94,0,0,0
228796,University of Texas at El Paso,1,Conference USA,2,0,984,0.974683544,0.980769231,89,970,0.958579882,0.958333333,92,937,0.924528302,0.930379747,92,0,0,0
228875,Texas Christian University,1,Big 12 Conference,2,1,957,0.969512195,0.933333333,88,913,0.886227545,0.93373494,91,915,0.888888889,0.935294118,96,0,0,0
229027,University of Texas at San Antonio,1,Conference USA,2,0,985,0.988095238,0.982035928,86,947,0.964788732,0.929577465,78,942,0.93442623,0.95,64,0,0,0
229063,Texas Southern University,2,Southwestern Athletic Conf.,1,0,972,1,0.916666667,63,965,0.94017094,0.956140351,71,960,0.888888889,0.96031746,66,0,0,0
229115,Texas Tech University,1,Big 12 Conference,2,0,956,0.9375,0.95,94,923,0.904458599,0.935483871,88,937,0.904191617,0.945783133,98,0,0,0
230038,Brigham Young University,1,Independent,2,1,949,0.93125,0.947019868,94,947,0.916666667,0.95862069,95,957,0.952662722,0.955974843,NA,0,0,0
230603,Southern Utah University,2,Big Sky Conference,2,0,921,0.920863309,0.920289855,81,946,0.920529801,0.951048951,87,946,0.927631579,0.965753425,83,0,0,0
230728,Utah State University,1,Mountain West Conference,2,0,975,1,0.949685535,93,994,1,0.981818182,92,988,0.993939394,0.975609756,96,1,1,0
230764,University of Utah,1,Pac-12 Conference,2,0,981,0.981481482,0.974193548,94,985,0.976047904,0.981132076,NA,969,0.957831325,0.950310559,95,0,0,0
230782,Weber State University,2,Big Sky Conference,2,0,929,0.909090909,0.941605839,82,951,0.938356164,0.943661972,78,912,0.909090909,0.888157895,83,0,0,0
231624,College of William and Mary,2,Colonial Athletic Association,2,0,984,0.976,0.984,64,996,1,0.984496124,66,939,0.946969697,0.931818182,68,0,0,0
232265,Hampton University,2,Mid-Eastern Athletic Conf.,1,1,964,0.972727273,0.954545455,61,980,0.983739837,0.967213115,66,942,0.925619835,0.925,66,0,0,0
232423,James Madison University,2,Colonial Athletic Association,2,0,963,0.966442953,0.959731544,80,948,0.930555556,0.944827586,81,947,0.921985816,0.950704225,76,0,0,0
232557,Liberty University,2,Big South Conference,2,1,946,0.935251799,0.942446043,77,938,0.916666667,0.951388889,80,956,0.919117647,0.985074627,77,0,0,0
232937,Norfolk State University,2,Mid-Eastern Athletic Conf.,1,0,956,0.899328859,0.952702703,79,945,0.890510949,0.925925926,74,924,0.876811594,0.94890511,74,0,0,0
232982,Old Dominion University,2,Conference USA,2,0,932,0.945578231,0.911564626,85,973,0.984375,0.9453125,80,967,0.992647059,0.926470588,75,0,0,0
233374,University of Richmond,2,Colonial Athletic Association,2,1,985,0.992366412,0.970149254,73,992,1,0.969924812,73,983,0.966101695,0.966666667,65,0,0,0
233921,Virginia Polytechnic Institute and State University,1,Atlantic Coast Conference,2,0,973,0.969512195,0.975609756,94,982,0.987804878,0.969135803,93,972,0.975609756,0.968944099,92,0,0,0
234076,University of Virginia,1,Atlantic Coast Conference,2,0,977,0.988505747,0.965317919,94,956,0.944099379,0.9625,88,987,0.981132076,0.987421384,93,0,0,0
234085,Virginia Military Institute,2,Southern Conference,2,0,978,0.97826087,0.971014493,73,897,0.866141732,0.928,67,916,0.888,0.936,68,0,0,0
235097,Eastern Washington University,2,Big Sky Conference,2,0,949,0.932659933,0.959322034,77,948,0.944250871,0.93728223,76,942,0.932659933,0.945017182,76,0,0,0
236939,Washington State University,1,Pac-12 Conference,2,0,973,0.981927711,0.938271605,94,963,0.981595092,0.944099379,92,960,0.957575758,0.956790124,89,0,0,0
236948,University of Washington,1,Pac-12 Conference,2,0,972,0.973988439,0.964705882,90,986,0.985207101,0.969512195,90,974,0.960227273,0.965714286,94,0,0,0
237525,Marshall University,1,Conference USA,2,0,982,0.981818182,0.969135803,94,975,0.975460123,0.975308642,90,948,0.961290323,0.929032258,89,0,0,0
238032,West Virginia University,1,Big 12 Conference,2,0,947,0.931677019,0.950310559,92,937,0.949685535,0.916666667,93,945,0.929032258,0.948387097,89,0,0,0
240444,"University of Wisconsin, Madison",1,Big Ten Conference,2,0,1000,1,0.993827161,95,994,0.993939394,0.993939394,88,994,0.988165681,0.975308642,95,1,1,1
240727,University of Wyoming,1,Mountain West Conference,2,0,966,0.973154362,0.937931035,83,981,0.98125,0.962264151,91,955,0.944827586,0.944827586,84,0,0,0
243744,Stanford University,1,Pac-12 Conference,2,1,989,0.978787879,0.981707317,88,995,0.997005988,0.963855422,86,977,0.977011494,0.976047904,89,1,1,1
243780,Purdue University,1,Big Ten Conference,2,0,965,0.965517241,0.958579882,92,964,0.957575758,0.957575758,93,966,0.950617284,0.968944099,91,0,0,0
